{
    "0628plate_antibody-02(54).czi": {
        "m": 1,
        "n": 0,
        "b": 3,
        "p": 0.32939829192546605,
        "skip": false
    },
    "0628plate_antibody-02(55).czi": {
        "m": 1,
        "n": 0,
        "b": 3,
        "p": 0.32939829192546605,
        "skip": false
    },
    "0628plate_antibody-02(52).czi": {
        "m": 1,
        "n": 0,
        "b": 3,
        "p": 0.32939829192546605,
        "skip": false
    },
    "0628plate_antibody-02(48).czi": {
        "m": 1,
        "n": 0,
        "b": 3,
        "p": 0.32939829192546605,
        "skip": false
    },
    "0628plate_antibody-02(49).czi": {
        "m": 1,
        "n": 0,
        "b": 3,
        "p": 0.32939829192546605,
        "skip": false
    },
    "0628plate_antibody-02(53).czi": {
        "m": 1,
        "n": 0,
        "b": 3,
        "p": 0.32939829192546605,
        "skip": false
    },
    "0628plate_antibody-02(50).czi": {
        "m": 1,
        "n": 0,
        "b": 3,
        "p": 0.32939829192546605,
        "skip": false
    },
    "0628plate_antibody-02(51).czi": {
        "m": 1,
        "n": 0,
        "b": 3,
        "p": 0.32939829192546605,
        "skip": false
    },
    "0628plate_antibody-02(56).czi": {
        "m": 1,
        "n": 0,
        "b": 3,
        "p": 0.32939829192546605,
        "skip": false
    },
    "0628plate_antibody-02(57).czi": {
        "m": 1,
        "n": 0,
        "b": 3,
        "p": 0.32939829192546605,
        "skip": false
    }
}