{
    "0714Mplate-01(79).czi": {
        "m": 1,
        "n": 0,
        "b": 3,
        "p": 0.20716064453124997,
        "skip": false
    },
    "0714Mplate-01(80).czi": {
        "m": 1,
        "n": 0,
        "b": 3,
        "p": 0.20716064453124997,
        "skip": false
    },
    "0722Mplate-01(82).czi": {
        "m": 0,
        "n": 1,
        "b": 3,
        "p": 0.12351237263464349,
        "skip": false
    },
    "0714Mplate-01(55).czi": {
        "m": 1,
        "n": 0,
        "b": 3,
        "p": 0.20716064453124997,
        "skip": false
    },
    "0714Mplate-01(54).czi": {
        "m": 1,
        "n": 0,
        "b": 3,
        "p": 0.20716064453124997,
        "skip": false
    },
    "0722Mplate-01(83).czi": {
        "m": 0,
        "n": 1,
        "b": 3,
        "p": 0.12351237263464349,
        "skip": false
    },
    "0714Mplate-01(81).czi": {
        "m": 1,
        "n": 0,
        "b": 3,
        "p": 0.20716064453124997,
        "skip": false
    },
    "0714Mplate-01(78).czi": {
        "m": 1,
        "n": 0,
        "b": 3,
        "p": 0.20716064453124997,
        "skip": false
    },
    "0628plate_antibody-02(63).czi": {
        "m": 0,
        "n": 1,
        "b": 3,
        "p": 0.32939829192546605,
        "skip": false
    },
    "0722Mplate-01(21).czi": {
        "m": 0,
        "n": 1,
        "b": 3,
        "p": 0.12351237263464349,
        "skip": false
    },
    "0722Mplate-01(51).czi": {
        "m": 0,
        "n": 1,
        "b": 3,
        "p": 0.12351237263464349,
        "skip": false
    },
    "0722Mplate-01(84).czi": {
        "m": 0,
        "n": 1,
        "b": 3,
        "p": 0.12351237263464349,
        "skip": false
    },
    "0714Mplate-01(53).czi": {
        "m": 1,
        "n": 0,
        "b": 3,
        "p": 0.20716064453124997,
        "skip": false
    },
    "0714Mplate-01(49).czi": {
        "m": 1,
        "n": 0,
        "b": 3,
        "p": 0.20716064453124997,
        "skip": false
    },
    "0628plate_antibody-02(64).czi": {
        "m": 0,
        "n": 1,
        "b": 3,
        "p": 0.32939829192546605,
        "skip": false
    },
    "0722Mplate-01(111).czi": {
        "m": 0,
        "n": 1,
        "b": 3,
        "p": 0.12351237263464349,
        "skip": false
    },
    "0628plate_antibody-02(65).czi": {
        "m": 0,
        "n": 1,
        "b": 3,
        "p": 0.32939829192546605,
        "skip": false
    },
    "0714Mplate-01(48).czi": {
        "m": 1,
        "n": 0,
        "b": 3,
        "p": 0.20716064453124997,
        "skip": false
    },
    "0714Mplate-01(52).czi": {
        "m": 1,
        "n": 0,
        "b": 3,
        "p": 0.20716064453124997,
        "skip": false
    },
    "0722Mplate-01(85).czi": {
        "m": 0,
        "n": 1,
        "b": 3,
        "p": 0.12351237263464349,
        "skip": false
    },
    "0714Mplate-01(51).czi": {
        "m": 1,
        "n": 0,
        "b": 3,
        "p": 0.20716064453124997,
        "skip": false
    },
    "0714Mplate-01(47).czi": {
        "m": 1,
        "n": 0,
        "b": 3,
        "p": 0.20716064453124997,
        "skip": false
    },
    "0722Mplate-01(53).czi": {
        "m": 0,
        "n": 1,
        "b": 3,
        "p": 0.12351237263464349,
        "skip": false
    },
    "0714Mplate-01(84).czi": {
        "m": 1,
        "n": 0,
        "b": 3,
        "p": 0.20716064453124997,
        "skip": false
    },
    "0722Mplate-01(113).czi": {
        "m": 0,
        "n": 1,
        "b": 3,
        "p": 0.12351237263464349,
        "skip": false
    },
    "0628plate_antibody-02(66).czi": {
        "m": 0,
        "n": 1,
        "b": 3,
        "p": 0.32939829192546605,
        "skip": false
    },
    "0722Mplate-01(24).czi": {
        "m": 0,
        "n": 1,
        "b": 3,
        "p": 0.12351237263464349,
        "skip": false
    },
    "0722Mplate-01(25).czi": {
        "m": 0,
        "n": 1,
        "b": 3,
        "p": 0.12351237263464349,
        "skip": false
    },
    "0628plate_antibody-02(67).czi": {
        "m": 0,
        "n": 1,
        "b": 3,
        "p": 0.32939829192546605,
        "skip": false
    },
    "0722Mplate-01(112).czi": {
        "m": 0,
        "n": 1,
        "b": 3,
        "p": 0.12351237263464349,
        "skip": false
    },
    "0714Mplate-01(85).czi": {
        "m": 1,
        "n": 0,
        "b": 3,
        "p": 0.20716064453124997,
        "skip": false
    },
    "0722Mplate-01(52).czi": {
        "m": 0,
        "n": 1,
        "b": 3,
        "p": 0.12351237263464349,
        "skip": false
    },
    "0714Mplate-01(46).czi": {
        "m": 1,
        "n": 0,
        "b": 3,
        "p": 0.20716064453124997,
        "skip": false
    },
    "0714Mplate-01(50).czi": {
        "m": 1,
        "n": 0,
        "b": 3,
        "p": 0.20716064453124997,
        "skip": false
    },
    "0722Mplate-01(115).czi": {
        "m": 0,
        "n": 1,
        "b": 3,
        "p": 0.12351237263464349,
        "skip": false
    },
    "0722Mplate-01(22).czi": {
        "m": 0,
        "n": 1,
        "b": 3,
        "p": 0.12351237263464349,
        "skip": false
    },
    "0714Mplate-01(77).czi": {
        "m": 1,
        "n": 0,
        "b": 3,
        "p": 0.20716064453124997,
        "skip": false
    },
    "0722Mplate-01(55).czi": {
        "m": 0,
        "n": 1,
        "b": 3,
        "p": 0.12351237263464349,
        "skip": false
    },
    "0714Mplate-01(82).czi": {
        "m": 1,
        "n": 0,
        "b": 3,
        "p": 0.20716064453124997,
        "skip": false
    },
    "0714Mplate-01(83).czi": {
        "m": 1,
        "n": 0,
        "b": 3,
        "p": 0.20716064453124997,
        "skip": false
    },
    "0722Mplate-01(54).czi": {
        "m": 0,
        "n": 1,
        "b": 3,
        "p": 0.12351237263464349,
        "skip": false
    },
    "0722Mplate-01(81).czi": {
        "m": 0,
        "n": 1,
        "b": 3,
        "p": 0.12351237263464349,
        "skip": false
    },
    "0714Mplate-01(76).czi": {
        "m": 1,
        "n": 0,
        "b": 3,
        "p": 0.20716064453124997,
        "skip": false
    },
    "0722Mplate-01(23).czi": {
        "m": 0,
        "n": 1,
        "b": 3,
        "p": 0.12351237263464349,
        "skip": false
    },
    "0722Mplate-01(114).czi": {
        "m": 0,
        "n": 1,
        "b": 3,
        "p": 0.12351237263464349,
        "skip": false
    }
}