{
    "0722Mplate-01(20).czi": {
        "m": 0,
        "n": 1,
        "b": 3,
        "p": 0.12351237263464349,
        "skip": false
    },
    "0722Mplate-01(77).czi": {
        "m": 0,
        "n": 1,
        "b": 3,
        "p": 0.12351237263464349,
        "skip": false
    },
    "0722Mplate-01(16).czi": {
        "m": 0,
        "n": 1,
        "b": 3,
        "p": 0.12351237263464349,
        "skip": false
    },
    "0722Mplate-01(17).czi": {
        "m": 0,
        "n": 1,
        "b": 3,
        "p": 0.12351237263464349,
        "skip": false
    },
    "0722Mplate-01(76).czi": {
        "m": 0,
        "n": 1,
        "b": 3,
        "p": 0.12351237263464349,
        "skip": false
    },
    "0722Mplate-01(47).czi": {
        "m": 0,
        "n": 1,
        "b": 3,
        "p": 0.12351237263464349,
        "skip": false
    },
    "0722Mplate-01(107).czi": {
        "m": 0,
        "n": 1,
        "b": 3,
        "p": 0.12351237263464349,
        "skip": false
    },
    "0722Mplate-01(110).czi": {
        "m": 0,
        "n": 1,
        "b": 3,
        "p": 0.12351237263464349,
        "skip": false
    },
    "0722Mplate-01(106).czi": {
        "m": 0,
        "n": 1,
        "b": 3,
        "p": 0.12351237263464349,
        "skip": false
    },
    "0722Mplate-01(50).czi": {
        "m": 0,
        "n": 1,
        "b": 3,
        "p": 0.12351237263464349,
        "skip": false
    },
    "0722Mplate-01(46).czi": {
        "m": 0,
        "n": 1,
        "b": 3,
        "p": 0.12351237263464349,
        "skip": false
    },
    "0722Mplate-01(109).czi": {
        "m": 0,
        "n": 1,
        "b": 3,
        "p": 0.12351237263464349,
        "skip": false
    },
    "0722Mplate-01(49).czi": {
        "m": 0,
        "n": 1,
        "b": 3,
        "p": 0.12351237263464349,
        "skip": false
    },
    "0722Mplate-01(48).czi": {
        "m": 0,
        "n": 1,
        "b": 3,
        "p": 0.12351237263464349,
        "skip": false
    },
    "0722Mplate-01(108).czi": {
        "m": 0,
        "n": 1,
        "b": 3,
        "p": 0.12351237263464349,
        "skip": false
    },
    "0722Mplate-01(18).czi": {
        "m": 0,
        "n": 1,
        "b": 3,
        "p": 0.12351237263464349,
        "skip": false
    },
    "0722Mplate-01(80).czi": {
        "m": 0,
        "n": 1,
        "b": 3,
        "p": 0.12351237263464349,
        "skip": false
    },
    "0722Mplate-01(79).czi": {
        "m": 0,
        "n": 1,
        "b": 3,
        "p": 0.12351237263464349,
        "skip": false
    },
    "0722Mplate-01(78).czi": {
        "m": 0,
        "n": 1,
        "b": 3,
        "p": 0.12351237263464349,
        "skip": false
    },
    "0722Mplate-01(19).czi": {
        "m": 0,
        "n": 1,
        "b": 3,
        "p": 0.12351237263464349,
        "skip": false
    }
}